TEAM,OPP,OUTCOME
Cincinnati,UCLA,W
Cincinnati,Ohio State,L
Cincinnati,Miami OH,W
Cincinnati,Marshall,W
Cincinnati,UCF,W
Cincinnati,Houston,W
Cincinnati,Tulsa,W
Cincinnati,East Carolina,W
Cincinnati,UCONN,W
Cincinnati,South Florida,W
Cincinnati,Temple,W
Cincinnati,Memphis,L
UCF,OTHER,W
UCF,FL Atlantic,W
UCF,Stanford,W
UCF,Pitt,L
UCF,UCONN,W
UCF,Cincinnati,L
UCF,East Carolina,W
UCF,Temple,W
UCF,Houston,W
UCF,Tulsa,L
UCF,Tulane,W
UCF,South Florida,W
Temple,OTHER,W
Temple,Maryland,W
Temple,Buffalo,L
Temple,Georgia Tech,W
Temple,East Carolina,W
Temple,Memphis,W
Temple,SMU,L
Temple,UCF,L
Temple,South Florida,W
Temple,Tulane,W
Temple,Cincinnati,L
Temple,UCONN,W
South Florida,Wisconsin,L
South Florida,Georgia Tech,L
South Florida,OTHER,W
South Florida,SMU,L
South Florida,UCONN,W
South Florida,BYU,W
South Florida,Navy,L
South Florida,East Carolina,W
South Florida,Temple,L
South Florida,Cincinnati,L
South Florida,Memphis,L
South Florida,UCF,L
East Carolina,NC State,L
East Carolina,OTHER,W
East Carolina,Navy,L
East Carolina,OTHER,W
East Carolina,Old Dominion,W
East Carolina,Temple,L
East Carolina,UCF,L
East Carolina,South Florida,L
East Carolina,Cincinnati,L
East Carolina,SMU,L
East Carolina,UCONN,W
East Carolina,Tulsa,L
UCONN,OTHER,W
UCONN,Illinois,L
UCONN,Indiana,L
UCONN,UCF,L
UCONN,South Florida,L
UCONN,Tulane,L
UCONN,Houston,L
UCONN,UMass,W
UCONN,Navy,L
UCONN,Cincinnati,L
UCONN,East Carolina,L
UCONN,Temple,L
Memphis,Miss,W
Memphis,South Alabama,W
Memphis,OTHER,W
Memphis,Navy,W
Memphis,LA Monroe,W
Memphis,Temple,L
Memphis,Tulane,W
Memphis,Tulsa,W
Memphis,SMU,W
Memphis,Houston,W
Memphis,South Florida,W
Memphis,Cincinnati,W
Navy,OTHER,W
Navy,East Carolina,W
Navy,Memphis,L
Navy,Air Force,W
Navy,Tulsa,W
Navy,South Florida,W
Navy,Tulane,W
Navy,UCONN,W
Navy,Notre Dame,L
Navy,SMU,W
Navy,Houston,W
Navy,Army,G
SMU,Arkansas State,W
SMU,North Texas,W
SMU,Texas St,W
SMU,TCU,W
SMU,South Florida,W
SMU,Tulsa,W
SMU,Temple,W
SMU,Houston,W
SMU,Memphis,L
SMU,East Carolina,W
SMU,Navy,L
SMU,Tulane,W
Tulane,FIU,W
Tulane,Auburn,L
Tulane,OTHER,W
Tulane,Houston,W
Tulane,Army,W
Tulane,UCONN,W
Tulane,Memphis,L
Tulane,Navy,L
Tulane,Tulsa,W
Tulane,Temple,L
Tulane,UCF,L
Tulane,SMU,L
Houston,Oklahoma,L
Houston,OTHER,W
Houston,Washington State,L
Houston,Tulane,L
Houston,North Texas,W
Houston,Cincinnati,L
Houston,UCONN,W
Houston,SMU,L
Houston,UCF,L
Houston,Memphis,L
Houston,Tulsa,W
Houston,Navy,L
Tulsa,MI State,L
Tulsa,San Jose State,W
Tulsa,Oklahoma State,L
Tulsa,Wyoming,W
Tulsa,SMU,L
Tulsa,Navy,L
Tulsa,Cincinnati,L
Tulsa,Memphis,L
Tulsa,Tulane,L
Tulsa,UCF,W
Tulsa,Houston,L
Tulsa,East Carolina,W
Clemson,Georgia Tech,W
Clemson,Texas AM,W
Clemson,Syracuse,W
Clemson,Charlotte,W
Clemson,North Carolina,W
Clemson,FSU,W
Clemson,Louisville,W
Clemson,Boston College,W
Clemson,OTHER,W
Clemson,NC State,W
Clemson,Wake Forest,W
Clemson,South Carolina,W
Louisville,Notre Dame,L
Louisville,OTHER,W
Louisville,Western Kentucky,W
Louisville,FSU,L
Louisville,Boston College,W
Louisville,Wake Forest,W
Louisville,Clemson,L
Louisville,Virginia,W
Louisville,Miami FL,L
Louisville,NC State,W
Louisville,Syracuse,W
Louisville,Kentucky,L
Wake Forest,Utah State,W
Wake Forest,Rice,W
Wake Forest,North Carolina,W
Wake Forest,OTHER,W
Wake Forest,Boston College,W
Wake Forest,Louisville,L
Wake Forest,FSU,W
Wake Forest,NC State,W
Wake Forest,Virginia Tech,L
Wake Forest,Clemson,L
Wake Forest,Duke,W
Wake Forest,Syracuse,L
Boston College,Virginia Tech,W
Boston College,OTHER,W
Boston College,Kansas,L
Boston College,Rutgers,W
Boston College,Wake Forest,L
Boston College,Louisville,L
Boston College,NC State,W
Boston College,Clemson,L
Boston College,Syracuse,W
Boston College,FSU,L
Boston College,Notre Dame,L
Boston College,Pitt,W
FSU,Boise State,L
FSU,LA Monroe,W
FSU,Virginia,L
FSU,Louisville,W
FSU,NC State,W
FSU,Clemson,L
FSU,Wake Forest,L
FSU,Syracuse,W
FSU,Miami FL,L
FSU,Boston College,W
FSU,OTHER,W
FSU,Florida,L
Syracuse,Liberty,W
Syracuse,Maryland,L
Syracuse,Clemson,L
Syracuse,Western MI,W
Syracuse,OTHER,W
Syracuse,NC State,L
Syracuse,Pitt,L
Syracuse,FSU,L
Syracuse,Boston College,L
Syracuse,Duke,W
Syracuse,Louisville,L
Syracuse,Wake Forest,W
NC State,East Carolina,W
NC State,Ball State,W
NC State,West Virginia,L
NC State,OTHER,W
NC State,FSU,L
NC State,Syracuse,W
NC State,Boston College,L
NC State,Wake Forest,L
NC State,Clemson,L
NC State,Louisville,L
NC State,Georgia Tech,L
NC State,North Carolina,L
Virginia,Pitt,W
Virginia,OTHER,W
Virginia,FSU,W
Virginia,Old Dominion,W
Virginia,Notre Dame,L
Virginia,Miami FL,L
Virginia,Duke,W
Virginia,Louisville,L
Virginia,North Carolina,W
Virginia,Georgia Tech,W
Virginia,Liberty,W
Virginia,Virginia Tech,W
Virginia Tech,Boston College,L
Virginia Tech,Old Dominion,W
Virginia Tech,OTHER,W
Virginia Tech,Duke,L
Virginia Tech,Miami FL,W
Virginia Tech,OTHER,W
Virginia Tech,North Carolina,W
Virginia Tech,Notre Dame,L
Virginia Tech,Wake Forest,W
Virginia Tech,Georgia Tech,W
Virginia Tech,Pitt,W
Virginia Tech,Virginia,L
Miami FL,Florida,L
Miami FL,North Carolina,L
Miami FL,OTHER,W
Miami FL,Central MI,W
Miami FL,Virginia Tech,L
Miami FL,Virginia,W
Miami FL,Georgia Tech,L
Miami FL,Pitt,W
Miami FL,FSU,W
Miami FL,Louisville,W
Miami FL,FIU,L
Miami FL,Duke,L
North Carolina,South Carolina,W
North Carolina,Miami FL,W
North Carolina,Wake Forest,L
North Carolina,App State,L
North Carolina,Clemson,L
North Carolina,Georgia Tech,W
North Carolina,Virginia Tech,L
North Carolina,Duke,W
North Carolina,Virginia,L
North Carolina,Pitt,L
North Carolina,OTHER,W
North Carolina,NC State,W
Pitt,Virginia,L
Pitt,Ohio,W
Pitt,Penn State,L
Pitt,UCF,W
Pitt,OTHER,W
Pitt,Duke,W
Pitt,Syracuse,W
Pitt,Miami FL,L
Pitt,Georgia Tech,W
Pitt,North Carolina,W
Pitt,Virginia Tech,L
Pitt,Boston College,L
Duke,Alabama,L
Duke,OTHER,W
Duke,Middle Tenn,W
Duke,Virginia Tech,W
Duke,Pitt,L
Duke,Georgia Tech,W
Duke,Virginia,L
Duke,North Carolina,L
Duke,Notre Dame,L
Duke,Syracuse,L
Duke,Wake Forest,L
Duke,Miami FL,W
Georgia Tech,Clemson,L
Georgia Tech,South Florida,W
Georgia Tech,OTHER,L
Georgia Tech,Temple,L
Georgia Tech,North Carolina,L
Georgia Tech,Duke,L
Georgia Tech,Miami FL,W
Georgia Tech,Pitt,L
Georgia Tech,Virginia,L
Georgia Tech,Virginia Tech,L
Georgia Tech,NC State,W
Georgia Tech,Georgia,L
Baylor,OTHER,W
Baylor,UTSA,W
Baylor,Rice,W
Baylor,Iowa State,W
Baylor,Kansas State,W
Baylor,Texas Tech,W
Baylor,Oklahoma State,W
Baylor,West Virginia,W
Baylor,TCU,W
Baylor,Oklahoma,L
Baylor,Texas,W
Baylor,Kansas,W
Oklahoma,Houston,W
Oklahoma,OTHER,W
Oklahoma,UCLA,W
Oklahoma,Texas Tech,W
Oklahoma,Kansas,W
Oklahoma,Texas,W
Oklahoma,West Virginia,W
Oklahoma,Kansas State,L
Oklahoma,Iowa State,W
Oklahoma,Baylor,W
Oklahoma,TCU,W
Oklahoma,Oklahoma State,W
Iowa State,OTHER,W
Iowa State,Iowa,L
Iowa State,LA Monroe,W
Iowa State,Baylor,L
Iowa State,TCU,W
Iowa State,West Virginia,W
Iowa State,Texas Tech,W
Iowa State,Oklahoma State,L
Iowa State,Oklahoma,L
Iowa State,Texas,W
Iowa State,Kansas,W
Iowa State,Kansas State,L
Texas,LA Tech,W
Texas,LSU,L
Texas,Rice,W
Texas,Oklahoma State,W
Texas,West Virginia,W
Texas,Oklahoma,L
Texas,Kansas,W
Texas,TCU,L
Texas,Kansas State,W
Texas,Iowa State,L
Texas,Baylor,L
Texas,Texas Tech,W
Oklahoma State,Oregon St,W
Oklahoma State,OTHER,W
Oklahoma State,Tulsa,W
Oklahoma State,Texas,L
Oklahoma State,Kansas State,W
Oklahoma State,Texas Tech,L
Oklahoma State,Baylor,L
Oklahoma State,Iowa State,W
Oklahoma State,TCU,W
Oklahoma State,Kansas,W
Oklahoma State,West Virginia,W
Oklahoma State,Oklahoma,L
Kansas State,OTHER,W
Kansas State,Bowling Green,W
Kansas State,MS State,W
Kansas State,Oklahoma State,L
Kansas State,Baylor,L
Kansas State,TCU,W
Kansas State,Oklahoma,W
Kansas State,Kansas,W
Kansas State,Texas,L
Kansas State,West Virginia,L
Kansas State,Texas Tech,W
Kansas State,Iowa State,W
TCU,OTHER,W
TCU,Purdue,W
TCU,SMU,L
TCU,Kansas,W
TCU,Iowa State,L
TCU,Kansas State,L
TCU,Texas,W
TCU,Oklahoma State,L
TCU,Baylor,L
TCU,Texas Tech,W
TCU,Oklahoma,L
TCU,West Virginia,L
West Virginia,OTHER,W
West Virginia,Missouri,L
West Virginia,NC State,W
West Virginia,Kansas,W
West Virginia,Texas,L
West Virginia,Iowa State,L
West Virginia,Oklahoma,L
West Virginia,Baylor,L
West Virginia,Texas Tech,L
West Virginia,Kansas State,W
West Virginia,Oklahoma State,L
West Virginia,TCU,W
Texas Tech,OTHER,W
Texas Tech,UTEP,W
Texas Tech,Arizona,L
Texas Tech,Oklahoma,L
Texas Tech,Oklahoma State,W
Texas Tech,Baylor,L
Texas Tech,Iowa State,L
Texas Tech,Kansas,L
Texas Tech,West Virginia,W
Texas Tech,TCU,L
Texas Tech,Kansas State,L
Texas Tech,Texas,L
Kansas,OTHER,W
Kansas,Coastal,L
Kansas,Boston College,W
Kansas,West Virginia,L
Kansas,TCU,L
Kansas,Oklahoma,L
Kansas,Texas,L
Kansas,Texas Tech,W
Kansas,Kansas State,L
Kansas,Oklahoma State,L
Kansas,Iowa State,L
Kansas,Baylor,L
Wisconsin,South Florida,W
Wisconsin,Central MI,W
Wisconsin,Michigan,W
Wisconsin,Northwestern,W
Wisconsin,Kent State,W
Wisconsin,MI State,W
Wisconsin,Illinois,L
Wisconsin,Ohio State,L
Wisconsin,Iowa,W
Wisconsin,Nebraska,W
Wisconsin,Purdue,W
Wisconsin,Minnesota,W
Minnesota,OTHER,W
Minnesota,Fresno State,W
Minnesota,GA Southern,W
Minnesota,Purdue,W
Minnesota,Illinois,W
Minnesota,Nebraska,W
Minnesota,Rutgers,W
Minnesota,Maryland,W
Minnesota,Penn State,W
Minnesota,Iowa,L
Minnesota,Northwestern,W
Minnesota,Wisconsin,L
Iowa,Miami OH,W
Iowa,Rutgers,W
Iowa,Iowa State,W
Iowa,Middle Tenn,W
Iowa,Michigan,L
Iowa,Penn State,L
Iowa,Purdue,W
Iowa,Northwestern,W
Iowa,Wisconsin,L
Iowa,Minnesota,W
Iowa,Illinois,W
Iowa,Nebraska,W
Illinois,Akron,W
Illinois,UCONN,W
Illinois,Eastern MI,L
Illinois,Nebraska,L
Illinois,Minnesota,L
Illinois,Michigan,L
Illinois,Wisconsin,W
Illinois,Purdue,W
Illinois,Rutgers,W
Illinois,MI State,W
Illinois,Iowa,L
Illinois,Northwestern,L
Purdue,Nevada,L
Purdue,Vanderbilt,W
Purdue,TCU,L
Purdue,Minnesota,L
Purdue,Penn State,L
Purdue,Maryland,W
Purdue,Iowa,L
Purdue,Illinois,L
Purdue,Nebraska,W
Purdue,Northwestern,W
Purdue,Wisconsin,L
Purdue,Indiana,L
Nebraska,South Alabama,W
Nebraska,Colorado,L
Nebraska,Northern IL,W
Nebraska,Illinois,W
Nebraska,Ohio State,L
Nebraska,Northwestern,W
Nebraska,Minnesota,L
Nebraska,Indiana,L
Nebraska,Purdue,L
Nebraska,Wisconsin,L
Nebraska,Maryland,W
Nebraska,Iowa,L
Northwestern,Stanford,L
Northwestern,UNLV,W
Northwestern,MI State,L
Northwestern,Wisconsin,L
Northwestern,Nebraska,L
Northwestern,Ohio State,L
Northwestern,Iowa,L
Northwestern,Indiana,L
Northwestern,Purdue,L
Northwestern,UMass,W
Northwestern,Minnesota,L
Northwestern,Illinois,W
Ohio State,FL Atlantic,W
Ohio State,Cincinnati,W
Ohio State,Indiana,W
Ohio State,Miami OH,W
Ohio State,Nebraska,W
Ohio State,MI State,W
Ohio State,Northwestern,W
Ohio State,Wisconsin,W
Ohio State,Maryland,W
Ohio State,Rutgers,W
Ohio State,Penn State,W
Ohio State,Michigan,W
Penn State,OTHER,W
Penn State,Buffalo,W
Penn State,Pitt,W
Penn State,Maryland,W
Penn State,Purdue,W
Penn State,Iowa,W
Penn State,Michigan,W
Penn State,MI State,W
Penn State,Minnesota,L
Penn State,Indiana,W
Penn State,Ohio State,L
Penn State,Rutgers,W
Michigan,Middle Tenn,W
Michigan,Army,W
Michigan,Wisconsin,L
Michigan,Rutgers,W
Michigan,Iowa,W
Michigan,Illinois,W
Michigan,Penn State,L
Michigan,Notre Dame,W
Michigan,Maryland,W
Michigan,MI State,W
Michigan,Indiana,W
Michigan,Ohio State,L
Indiana,Ball State,W
Indiana,OTHER,W
Indiana,Ohio State,L
Indiana,UCONN,W
Indiana,MI State,L
Indiana,Rutgers,W
Indiana,Maryland,W
Indiana,Nebraska,W
Indiana,Northwestern,W
Indiana,Penn State,L
Indiana,Michigan,L
Indiana,Purdue,W
MI State,Tulsa,W
MI State,Western MI,W
MI State,Arizona State,L
MI State,Northwestern,W
MI State,Indiana,W
MI State,Ohio State,L
MI State,Wisconsin,L
MI State,Penn State,L
MI State,Illinois,L
MI State,Michigan,L
MI State,Rutgers,W
MI State,Maryland,W
Maryland,OTHER,W
Maryland,Syracuse,W
Maryland,Temple,L
Maryland,Penn State,L
Maryland,Rutgers,W
Maryland,Purdue,L
Maryland,Indiana,L
Maryland,Minnesota,L
Maryland,Michigan,L
Maryland,Ohio State,L
Maryland,Nebraska,L
Maryland,MI State,L
Rutgers,UMass,W
Rutgers,Iowa,L
Rutgers,Boston College,L
Rutgers,Michigan,L
Rutgers,Maryland,L
Rutgers,Indiana,L
Rutgers,Minnesota,L
Rutgers,Liberty,W
Rutgers,Illinois,L
Rutgers,Ohio State,L
Rutgers,MI State,L
Rutgers,Penn State,L
UAB,OTHER,W
UAB,Akron,W
UAB,South Alabama,W
UAB,Western Kentucky,L
UAB,Rice,W
UAB,UTSA,W
UAB,Old Dominion,W
UAB,Tennessee,L
UAB,Southern Miss,L
UAB,UTEP,W
UAB,LA Tech,W
UAB,North Texas,W
LA Tech,Texas,L
LA Tech,OTHER,W
LA Tech,Bowling Green,W
LA Tech,FIU,W
LA Tech,Rice,W
LA Tech,UMass,W
LA Tech,Southern Miss,W
LA Tech,UTEP,W
LA Tech,North Texas,W
LA Tech,Marshall,L
LA Tech,UAB,L
LA Tech,UTSA,W
Southern Miss,OTHER,W
Southern Miss,MS State,L
Southern Miss,Troy,W
Southern Miss,Alabama,L
Southern Miss,UTEP,W
Southern Miss,North Texas,W
Southern Miss,LA Tech,L
Southern Miss,Rice,W
Southern Miss,UAB,W
Southern Miss,UTSA,W
Southern Miss,Western Kentucky,L
Southern Miss,FL Atlantic,L
Rice,Army,L
Rice,Wake Forest,L
Rice,Texas,L
Rice,Baylor,L
Rice,LA Tech,L
Rice,UAB,L
Rice,UTSA,L
Rice,Southern Miss,L
Rice,Marshall,L
Rice,Middle Tenn,W
Rice,North Texas,W
Rice,UTEP,W
North Texas,OTHER,W
North Texas,SMU,L
North Texas,Cal,L
North Texas,UTSA,W
North Texas,Houston,L
North Texas,Southern Miss,L
North Texas,Middle Tenn,W
North Texas,Charlotte,L
North Texas,UTEP,W
North Texas,LA Tech,L
North Texas,Rice,L
North Texas,UAB,L
UTSA,OTHER,W
UTSA,Baylor,L
UTSA,Army,L
UTSA,North Texas,L
UTSA,UTEP,W
UTSA,UAB,L
UTSA,Rice,W
UTSA,Texas AM,L
UTSA,Old Dominion,W
UTSA,Southern Miss,L
UTSA,FL Atlantic,L
UTSA,LA Tech,L
UTEP,OTHER,W
UTEP,Texas Tech,L
UTEP,Nevada,L
UTEP,Southern Miss,L
UTEP,UTSA,L
UTEP,FIU,L
UTEP,LA Tech,L
UTEP,North Texas,L
UTEP,Charlotte,L
UTEP,UAB,L
UTEP,NM State,L
UTEP,Rice,L
FL Atlantic,Ohio State,L
FL Atlantic,UCF,L
FL Atlantic,Ball State,W
FL Atlantic,OTHER,W
FL Atlantic,Charlotte,W
FL Atlantic,Middle Tenn,W
FL Atlantic,Marshall,L
FL Atlantic,Old Dominion,W
FL Atlantic,Western Kentucky,W
FL Atlantic,FIU,W
FL Atlantic,UTSA,W
FL Atlantic,Southern Miss,W
Marshall,OTHER,W
Marshall,Boise State,L
Marshall,Ohio,W
Marshall,Cincinnati,L
Marshall,Middle Tenn,L
Marshall,Old Dominion,W
Marshall,FL Atlantic,W
Marshall,Western Kentucky,W
Marshall,Rice,W
Marshall,LA Tech,W
Marshall,Charlotte,L
Marshall,FIU,W
Western Kentucky,OTHER,L
Western Kentucky,FIU,W
Western Kentucky,Louisville,L
Western Kentucky,UAB,W
Western Kentucky,Old Dominion,W
Western Kentucky,Army,W
Western Kentucky,Charlotte,W
Western Kentucky,Marshall,L
Western Kentucky,FL Atlantic,L
Western Kentucky,Arkansas,W
Western Kentucky,Southern Miss,W
Western Kentucky,Middle Tenn,W
Charlotte,OTHER,W
Charlotte,App State,L
Charlotte,UMass,W
Charlotte,Clemson,L
Charlotte,FL Atlantic,L
Charlotte,FIU,L
Charlotte,Western Kentucky,L
Charlotte,North Texas,W
Charlotte,Middle Tenn,W
Charlotte,UTEP,W
Charlotte,Marshall,W
Charlotte,Old Dominion,W
FIU,Tulane,L
FIU,Western Kentucky,L
FIU,OTHER,W
FIU,LA Tech,L
FIU,UMass,W
FIU,Charlotte,W
FIU,UTEP,W
FIU,Middle Tenn,L
FIU,Old Dominion,W
FIU,FL Atlantic,L
FIU,Miami FL,W
FIU,Marshall,L
Middle Tenn,Michigan,L
Middle Tenn,OTHER,W
Middle Tenn,Duke,L
Middle Tenn,Iowa,L
Middle Tenn,Marshall,W
Middle Tenn,FL Atlantic,L
Middle Tenn,North Texas,L
Middle Tenn,FIU,W
Middle Tenn,Charlotte,L
Middle Tenn,Rice,L
Middle Tenn,Old Dominion,W
Middle Tenn,Western Kentucky,L
Old Dominion,OTHER,W
Old Dominion,Virginia Tech,L
Old Dominion,Virginia,L
Old Dominion,East Carolina,L
Old Dominion,Western Kentucky,L
Old Dominion,Marshall,L
Old Dominion,UAB,L
Old Dominion,FL Atlantic,L
Old Dominion,FIU,L
Old Dominion,UTSA,L
Old Dominion,Middle Tenn,L
Old Dominion,Charlotte,L
UMass,Rutgers,L
UMass,OTHER,L
UMass,Charlotte,L
UMass,Coastal,L
UMass,Akron,W
UMass,FIU,L
UMass,LA Tech,L
UMass,UCONN,L
UMass,Liberty,L
UMass,Army,L
UMass,Northwestern,L
UMass,BYU,L
Army,Rice,W
Army,Michigan,L
Army,UTSA,W
Army,OTHER,W
Army,Tulane,L
Army,Western Kentucky,L
Army,Georgia State,L
Army,San Jose State,L
Army,Air Force,L
Army,UMass,W
Army,OTHER,W
Army,Hawaii,L
Notre Dame,Louisville,W
Notre Dame,New Mexico,W
Notre Dame,Georgia,L
Notre Dame,Virginia,W
Notre Dame,Bowling Green,W
Notre Dame,USC,W
Notre Dame,Michigan,L
Notre Dame,Virginia Tech,W
Notre Dame,Duke,W
Notre Dame,Navy,W
Notre Dame,Boston College,W
Notre Dame,Stanford,W
BYU,Utah,L
BYU,Tennessee,W
BYU,USC,W
BYU,Washington,L
BYU,Toledo,L
BYU,South Florida,L
BYU,Boise State,W
BYU,Utah State,W
BYU,Liberty,W
BYU,OTHER,W
BYU,UMass,W
BYU,San Diego St,L
Liberty,Syracuse,L
Liberty,LA Lafayette,L
Liberty,Buffalo,W
Liberty,OTHER,W
Liberty,New Mexico,W
Liberty,NM State,W
Liberty,OTHER,W
Liberty,Rutgers,L
Liberty,UMass,W
Liberty,BYU,L
Liberty,Virginia,L
Liberty,NM State,W
NM State,Washington State,L
NM State,Alabama,L
NM State,San Diego St,L
NM State,New Mexico,L
NM State,Fresno State,L
NM State,Liberty,L
NM State,Central MI,L
NM State,GA Southern,L
NM State,Miss,L
NM State,OTHER,W
NM State,UTEP,W
NM State,Liberty,L
Miami OH,Iowa,L
Miami OH,OTHER,W
Miami OH,Cincinnati,L
Miami OH,Ohio State,L
Miami OH,Buffalo,W
Miami OH,Western MI,L
Miami OH,Northern IL,W
Miami OH,Kent State,W
Miami OH,Ohio,W
Miami OH,Bowling Green,W
Miami OH,Akron,W
Miami OH,Ball State,L
Buffalo,OTHER,W
Buffalo,Penn State,L
Buffalo,Liberty,L
Buffalo,Temple,W
Buffalo,Miami OH,L
Buffalo,Ohio,L
Buffalo,Akron,W
Buffalo,Central MI,W
Buffalo,Eastern MI,W
Buffalo,Kent State,L
Buffalo,Toledo,W
Buffalo,Bowling Green,W
Kent State,Arizona State,L
Kent State,OTHER,W
Kent State,Auburn,L
Kent State,Bowling Green,W
Kent State,Wisconsin,L
Kent State,Akron,W
Kent State,Ohio,L
Kent State,Miami OH,L
Kent State,Toledo,L
Kent State,Buffalo,W
Kent State,Ball State,W
Kent State,Eastern MI,W
Bowling Green,OTHER,W
Bowling Green,Kansas State,L
Bowling Green,LA Tech,L
Bowling Green,Kent State,L
Bowling Green,Notre Dame,L
Bowling Green,Toledo,W
Bowling Green,Central MI,L
Bowling Green,Western MI,L
Bowling Green,Akron,W
Bowling Green,Miami OH,L
Bowling Green,Ohio,L
Bowling Green,Buffalo,L
Akron,Illinois,L
Akron,UAB,L
Akron,Central MI,L
Akron,Troy,L
Akron,UMass,L
Akron,Kent State,L
Akron,Buffalo,L
Akron,Northern IL,L
Akron,Bowling Green,L
Akron,Eastern MI,L
Akron,Miami OH,L
Akron,Ohio,L
Central MI,OTHER,W
Central MI,Wisconsin,L
Central MI,Akron,W
Central MI,Miami FL,L
Central MI,Western MI,L
Central MI,Eastern MI,W
Central MI,NM State,W
Central MI,Bowling Green,W
Central MI,Buffalo,L
Central MI,Northern IL,W
Central MI,Ball State,W
Central MI,Toledo,W
Western MI,OTHER,W
Western MI,MI State,L
Western MI,Georgia State,W
Western MI,Syracuse,L
Western MI,Central MI,W
Western MI,Toledo,L
Western MI,Miami OH,W
Western MI,Eastern MI,L
Western MI,Bowling Green,W
Western MI,Ball State,W
Western MI,Ohio,W
Western MI,Northern IL,L
Ball State,Indiana,L
Ball State,OTHER,W
Ball State,FL Atlantic,L
Ball State,NC State,L
Ball State,Northern IL,W
Ball State,Eastern MI,W
Ball State,Toledo,W
Ball State,Ohio,L
Ball State,Western MI,L
Ball State,Central MI,L
Ball State,Kent State,L
Ball State,Miami OH,W
Northern IL,OTHER,W
Northern IL,Utah,L
Northern IL,Nebraska,L
Northern IL,Vanderbilt,L
Northern IL,Ball State,L
Northern IL,Ohio,W
Northern IL,Miami OH,L
Northern IL,Akron,W
Northern IL,Central MI,L
Northern IL,Toledo,W
Northern IL,Eastern MI,L
Northern IL,Western MI,W
Eastern MI,Coastal,W
Eastern MI,Kentucky,L
Eastern MI,Illinois,W
Eastern MI,OTHER,W
Eastern MI,Central MI,L
Eastern MI,Ball State,L
Eastern MI,Western MI,W
Eastern MI,Toledo,L
Eastern MI,Buffalo,L
Eastern MI,Akron,W
Eastern MI,Northern IL,W
Eastern MI,Kent State,L
Toledo,Kentucky,L
Toledo,OTHER,W
Toledo,CO State,W
Toledo,BYU,W
Toledo,Western MI,W
Toledo,Bowling Green,L
Toledo,Ball State,L
Toledo,Eastern MI,W
Toledo,Kent State,W
Toledo,Northern IL,L
Toledo,Buffalo,L
Toledo,Central MI,L
Ohio,OTHER,W
Ohio,Pitt,L
Ohio,Marshall,L
Ohio,LA Lafayette,L
Ohio,Buffalo,W
Ohio,Northern IL,L
Ohio,Kent State,W
Ohio,Ball State,W
Ohio,Miami OH,L
Ohio,Western MI,L
Ohio,Bowling Green,W
Ohio,Akron,W
Boise State,FSU,W
Boise State,Marshall,W
Boise State,OTHER,W
Boise State,Air Force,W
Boise State,UNLV,W
Boise State,Hawaii,W
Boise State,BYU,L
Boise State,San Jose State,W
Boise State,Wyoming,W
Boise State,New Mexico,W
Boise State,Utah State,W
Boise State,CO State,W
Air Force,OTHER,W
Air Force,Colorado,W
Air Force,Boise State,L
Air Force,San Jose State,W
Air Force,Navy,L
Air Force,Fresno State,W
Air Force,Hawaii,W
Air Force,Utah State,W
Air Force,Army,W
Air Force,CO State,W
Air Force,New Mexico,W
Air Force,Wyoming,W
Utah State,Wake Forest,L
Utah State,OTHER,W
Utah State,San Diego St,W
Utah State,CO State,W
Utah State,LSU,L
Utah State,Nevada,W
Utah State,Air Force,L
Utah State,BYU,L
Utah State,Fresno State,W
Utah State,Wyoming,W
Utah State,Boise State,L
Utah State,New Mexico,W
Wyoming,Missouri,W
Wyoming,Texas St,W
Wyoming,OTHER,W
Wyoming,Tulsa,L
Wyoming,UNLV,W
Wyoming,San Diego St,L
Wyoming,New Mexico,W
Wyoming,Nevada,W
Wyoming,Boise State,L
Wyoming,Utah State,L
Wyoming,CO State,W
Wyoming,Air Force,L
CO State,Colorado,L
CO State,OTHER,W
CO State,Arkansas,L
CO State,Toledo,L
CO State,Utah State,L
CO State,San Diego St,L
CO State,New Mexico,W
CO State,Fresno State,W
CO State,UNLV,W
CO State,Air Force,L
CO State,Wyoming,L
CO State,Boise State,L
New Mexico,OTHER,W
New Mexico,Notre Dame,L
New Mexico,NM State,W
New Mexico,Liberty,L
New Mexico,San Jose State,L
New Mexico,CO State,L
New Mexico,Wyoming,L
New Mexico,Hawaii,L
New Mexico,Nevada,L
New Mexico,Boise State,L
New Mexico,Air Force,L
New Mexico,Utah State,L
Hawaii,Arizona,W
Hawaii,Oregon St,W
Hawaii,Washington,L
Hawaii,OTHER,W
Hawaii,Nevada,W
Hawaii,Boise State,L
Hawaii,Air Force,L
Hawaii,New Mexico,W
Hawaii,Fresno State,L
Hawaii,San Jose State,W
Hawaii,UNLV,W
Hawaii,San Diego St,W
Hawaii,Army,W
San Diego St,OTHER,W
San Diego St,UCLA,W
San Diego St,NM State,W
San Diego St,Utah State,L
San Diego St,CO State,W
San Diego St,Wyoming,W
San Diego St,San Jose State,W
San Diego St,UNLV,W
San Diego St,Nevada,L
San Diego St,Fresno State,W
San Diego St,Hawaii,L
San Diego St,BYU,W
Nevada,Purdue,W
Nevada,Oregon,L
Nevada,OTHER,W
Nevada,UTEP,W
Nevada,Hawaii,L
Nevada,San Jose State,W
Nevada,Utah State,L
Nevada,Wyoming,L
Nevada,New Mexico,W
Nevada,San Diego St,W
Nevada,Fresno State,W
Nevada,UNLV,L
UNLV,OTHER,W
UNLV,Arkansas State,L
UNLV,Northwestern,L
UNLV,Wyoming,L
UNLV,Boise State,L
UNLV,Vanderbilt,W
UNLV,Fresno State,L
UNLV,San Diego St,L
UNLV,CO State,L
UNLV,Hawaii,L
UNLV,San Jose State,W
UNLV,Nevada,W
Fresno State,USC,L
Fresno State,Minnesota,L
Fresno State,OTHER,W
Fresno State,NM State,W
Fresno State,Air Force,L
Fresno State,UNLV,W
Fresno State,CO State,L
Fresno State,Hawaii,W
Fresno State,Utah State,L
Fresno State,San Diego St,L
Fresno State,Nevada,L
Fresno State,San Jose State,L
San Jose State,OTHER,W
San Jose State,Tulsa,L
San Jose State,Arkansas,W
San Jose State,Air Force,L
San Jose State,New Mexico,W
San Jose State,Nevada,L
San Jose State,San Diego St,L
San Jose State,Army,W
San Jose State,Boise State,L
San Jose State,Hawaii,L
San Jose State,UNLV,L
San Jose State,Fresno State,W
Oregon,Auburn,L
Oregon,Nevada,W
Oregon,OTHER,W
Oregon,Stanford,W
Oregon,Cal,W
Oregon,Colorado,W
Oregon,Washington,W
Oregon,Washington State,W
Oregon,USC,W
Oregon,Arizona,W
Oregon,Arizona State,L
Oregon,Oregon St,W
Cal,OTHER,W
Cal,Washington,W
Cal,North Texas,W
Cal,Miss,W
Cal,Arizona State,L
Cal,Oregon,L
Cal,Oregon St,L
Cal,Utah,L
Cal,Washington State,W
Cal,USC,L
Cal,Stanford,W
Cal,UCLA,W
Washington,OTHER,W
Washington,Cal,L
Washington,Hawaii,W
Washington,BYU,W
Washington,USC,W
Washington,Stanford,L
Washington,Arizona,W
Washington,Oregon,L
Washington,Utah,L
Washington,Oregon St,W
Washington,Colorado,L
Washington,Washington State,W
Oregon St,Oklahoma State,L
Oregon St,Hawaii,L
Oregon St,OTHER,W
Oregon St,Stanford,L
Oregon St,UCLA,W
Oregon St,Utah,L
Oregon St,Cal,W
Oregon St,Arizona,W
Oregon St,Washington,L
Oregon St,Arizona State,W
Oregon St,Washington State,L
Oregon St,Oregon,L
Stanford,Northwestern,W
Stanford,USC,L
Stanford,UCF,L
Stanford,Oregon,L
Stanford,Oregon St,W
Stanford,Washington,W
Stanford,UCLA,L
Stanford,Arizona,W
Stanford,Colorado,L
Stanford,Washington State,L
Stanford,Cal,L
Stanford,Notre Dame,L
Utah,BYU,W
Utah,Northern IL,W
Utah,OTHER,W
Utah,USC,L
Utah,Washington State,W
Utah,Oregon St,W
Utah,Arizona State,W
Utah,Cal,W
Utah,Washington,W
Utah,UCLA,W
Utah,Arizona,W
Utah,Colorado,W
USC,Fresno State,W
USC,Stanford,W
USC,BYU,L
USC,Utah,W
USC,Washington,L
USC,Notre Dame,L
USC,Arizona,W
USC,Colorado,W
USC,Oregon,L
USC,Arizona State,W
USC,Cal,W
USC,UCLA,W
UCLA,Cincinnati,L
UCLA,San Diego St,L
UCLA,Oklahoma,L
UCLA,Washington State,W
UCLA,Arizona,L
UCLA,Oregon St,L
UCLA,Stanford,W
UCLA,Arizona State,W
UCLA,Colorado,W
UCLA,Utah,L
UCLA,USC,L
UCLA,Cal,L
Arizona State,Kent State,W
Arizona State,OTHER,W
Arizona State,MI State,W
Arizona State,Colorado,L
Arizona State,Cal,W
Arizona State,Washington State,W
Arizona State,Utah,L
Arizona State,UCLA,L
Arizona State,USC,L
Arizona State,Oregon St,L
Arizona State,Oregon,W
Arizona State,Arizona,W
Colorado,CO State,W
Colorado,Nebraska,W
Colorado,Air Force,L
Colorado,Arizona State,W
Colorado,Arizona,L
Colorado,Oregon,L
Colorado,Washington State,L
Colorado,USC,L
Colorado,UCLA,L
Colorado,Stanford,W
Colorado,Washington,W
Colorado,Utah,L
Arizona,Hawaii,L
Arizona,OTHER,W
Arizona,Texas Tech,W
Arizona,UCLA,W
Arizona,Colorado,W
Arizona,Washington,L
Arizona,USC,L
Arizona,Stanford,L
Arizona,Oregon St,L
Arizona,Oregon,L
Arizona,Utah,L
Arizona,Arizona State,L
Washington State,NM State,W
Washington State,OTHER,W
Washington State,Houston,W
Washington State,UCLA,L
Washington State,Utah,L
Washington State,Arizona State,L
Washington State,Colorado,W
Washington State,Oregon,L
Washington State,Cal,L
Washington State,Stanford,W
Washington State,Oregon St,W
Washington State,Washington,L
LSU,GA Southern,W
LSU,Texas,W
LSU,OTHER,W
LSU,Vanderbilt,W
LSU,Utah State,W
LSU,Florida,W
LSU,MS State,W
LSU,Auburn,W
LSU,Alabama,W
LSU,Miss,W
LSU,Arkansas,W
LSU,Texas AM,W
Alabama,Duke,W
Alabama,NM State,W
Alabama,South Carolina,W
Alabama,Southern Miss,W
Alabama,Miss,W
Alabama,Texas AM,W
Alabama,Tennessee,W
Alabama,Arkansas,W
Alabama,LSU,L
Alabama,MS State,W
Alabama,OTHER,W
Alabama,Auburn,L
Auburn,Oregon,W
Auburn,Tulane,W
Auburn,Kent State,W
Auburn,Texas AM,W
Auburn,MS State,W
Auburn,Florida,L
Auburn,Arkansas,W
Auburn,LSU,L
Auburn,Miss,W
Auburn,Georgia,L
Auburn,OTHER,W
Auburn,Alabama,W
Texas AM,Texas St,W
Texas AM,Clemson,L
Texas AM,OTHER,W
Texas AM,Auburn,L
Texas AM,Arkansas,W
Texas AM,Alabama,L
Texas AM,Miss,W
Texas AM,MS State,W
Texas AM,UTSA,W
Texas AM,South Carolina,W
Texas AM,Georgia,L
Texas AM,LSU,L
MS State,LA Lafayette,W
MS State,Southern Miss,W
MS State,Kansas State,L
MS State,Kentucky,W
MS State,Auburn,L
MS State,Tennessee,L
MS State,LSU,L
MS State,Texas AM,L
MS State,Arkansas,W
MS State,Alabama,L
MS State,OTHER,W
MS State,Miss,W
Miss,Memphis,L
Miss,Arkansas,W
Miss,OTHER,W
Miss,Cal,L
Miss,Alabama,L
Miss,Vanderbilt,W
Miss,Missouri,L
Miss,Texas AM,L
Miss,Auburn,L
Miss,NM State,W
Miss,LSU,L
Miss,MS State,L
Arkansas,OTHER,W
Arkansas,Miss,L
Arkansas,CO State,W
Arkansas,San Jose State,L
Arkansas,Texas AM,L
Arkansas,Kentucky,L
Arkansas,Auburn,L
Arkansas,Alabama,L
Arkansas,MS State,L
Arkansas,Western Kentucky,L
Arkansas,LSU,L
Arkansas,Missouri,L
Georgia,Vanderbilt,W
Georgia,OTHER,W
Georgia,Arkansas State,W
Georgia,Notre Dame,W
Georgia,Tennessee,W
Georgia,South Carolina,L
Georgia,Kentucky,W
Georgia,Florida,W
Georgia,Missouri,W
Georgia,Auburn,W
Georgia,Texas AM,W
Georgia,Georgia Tech,W
Florida,Miami FL,W
Florida,OTHER,W
Florida,Kentucky,W
Florida,Tennessee,W
Florida,OTHER,W
Florida,Auburn,W
Florida,LSU,L
Florida,South Carolina,W
Florida,Georgia,L
Florida,Vanderbilt,W
Florida,Missouri,W
Florida,FSU,W
Tennessee,Georgia State,L
Tennessee,BYU,L
Tennessee,OTHER,W
Tennessee,Florida,L
Tennessee,Georgia,L
Tennessee,MS State,W
Tennessee,Alabama,L
Tennessee,South Carolina,W
Tennessee,UAB,W
Tennessee,Kentucky,W
Tennessee,Missouri,W
Tennessee,Vanderbilt,W
South Carolina,North Carolina,L
South Carolina,OTHER,W
South Carolina,Alabama,L
South Carolina,Missouri,L
South Carolina,Kentucky,W
South Carolina,Georgia,W
South Carolina,Florida,L
South Carolina,Tennessee,L
South Carolina,Vanderbilt,W
South Carolina,App State,L
South Carolina,Texas AM,L
South Carolina,Clemson,L
Kentucky,Toledo,W
Kentucky,Eastern MI,W
Kentucky,Florida,L
Kentucky,MS State,L
Kentucky,South Carolina,L
Kentucky,Arkansas,W
Kentucky,Georgia,L
Kentucky,Missouri,W
Kentucky,Tennessee,L
Kentucky,Vanderbilt,W
Kentucky,OTHER,W
Kentucky,Louisville,W
Missouri,Wyoming,L
Missouri,West Virginia,W
Missouri,OTHER,W
Missouri,South Carolina,W
Missouri,Troy,W
Missouri,Miss,W
Missouri,Vanderbilt,L
Missouri,Kentucky,L
Missouri,Georgia,L
Missouri,Florida,L
Missouri,Tennessee,L
Missouri,Arkansas,W
Vanderbilt,Georgia,L
Vanderbilt,Purdue,L
Vanderbilt,LSU,L
Vanderbilt,Northern IL,W
Vanderbilt,Miss,L
Vanderbilt,UNLV,L
Vanderbilt,Missouri,W
Vanderbilt,South Carolina,L
Vanderbilt,Florida,L
Vanderbilt,Kentucky,L
Vanderbilt,OTHER,W
Vanderbilt,Tennessee,L
App State,OTHER,W
App State,Charlotte,W
App State,North Carolina,W
App State,Coastal,W
App State,LA Lafayette,W
App State,LA Monroe,W
App State,South Alabama,W
App State,GA Southern,L
App State,South Carolina,W
App State,Georgia State,W
App State,Texas St,W
App State,Troy,W
GA Southern,LSU,L
GA Southern,OTHER,W
GA Southern,Minnesota,L
GA Southern,LA Lafayette,L
GA Southern,South Alabama,W
GA Southern,Coastal,W
GA Southern,NM State,W
GA Southern,App State,W
GA Southern,Troy,L
GA Southern,LA Monroe,W
GA Southern,Arkansas State,L
GA Southern,Georgia State,W
Georgia State,Tennessee,W
Georgia State,OTHER,W
Georgia State,Western MI,L
Georgia State,Texas St,L
Georgia State,Arkansas State,W
Georgia State,Coastal,W
Georgia State,Army,W
Georgia State,Troy,W
Georgia State,LA Monroe,L
Georgia State,App State,L
Georgia State,South Alabama,W
Georgia State,GA Southern,L
Troy,OTHER,W
Troy,Southern Miss,L
Troy,Akron,W
Troy,Arkansas State,L
Troy,Missouri,L
Troy,South Alabama,W
Troy,Georgia State,L
Troy,Coastal,L
Troy,GA Southern,W
Troy,Texas St,W
Troy,LA Lafayette,L
Troy,App State,L
LA Lafayette,MS State,L
LA Lafayette,Liberty,W
LA Lafayette,OTHER,W
LA Lafayette,Ohio,W
LA Lafayette,GA Southern,W
LA Lafayette,App State,L
LA Lafayette,Arkansas State,W
LA Lafayette,Texas St,W
LA Lafayette,Coastal,W
LA Lafayette,South Alabama,W
LA Lafayette,Troy,W
LA Lafayette,LA Monroe,W
Arkansas State,SMU,L
Arkansas State,UNLV,W
Arkansas State,Georgia,L
Arkansas State,OTHER,W
Arkansas State,Troy,W
Arkansas State,Georgia State,L
Arkansas State,LA Lafayette,L
Arkansas State,Texas St,W
Arkansas State,LA Monroe,W
Arkansas State,Coastal,W
Arkansas State,GA Southern,W
Arkansas State,South Alabama,L
LA Monroe,OTHER,W
LA Monroe,FSU,L
LA Monroe,Iowa State,L
LA Monroe,South Alabama,W
LA Monroe,Memphis,L
LA Monroe,Texas St,W
LA Monroe,App State,L
LA Monroe,Arkansas State,L
LA Monroe,Georgia State,W
LA Monroe,GA Southern,L
LA Monroe,Coastal,W
LA Monroe,LA Lafayette,L
Texas St,Texas AM,L
Texas St,Wyoming,L
Texas St,SMU,L
Texas St,Georgia State,W
Texas St,OTHER,W
Texas St,LA Monroe,L
Texas St,Arkansas State,L
Texas St,LA Lafayette,L
Texas St,South Alabama,W
Texas St,Troy,L
Texas St,App State,L
Texas St,Coastal,L
South Alabama,Nebraska,L
South Alabama,OTHER,W
South Alabama,Memphis,L
South Alabama,UAB,L
South Alabama,LA Monroe,L
South Alabama,GA Southern,L
South Alabama,Troy,L
South Alabama,App State,L
South Alabama,Texas St,L
South Alabama,LA Lafayette,L
South Alabama,Georgia State,L
South Alabama,Arkansas State,W
Coastal,Eastern MI,L
Coastal,Kansas,W
Coastal,OTHER,W
Coastal,UMass,W
Coastal,App State,L
Coastal,Georgia State,L
Coastal,GA Southern,L
Coastal,Troy,W
Coastal,LA Lafayette,L
Coastal,Arkansas State,L
Coastal,LA Monroe,L
Coastal,Texas St,W
